,count,mean,std,min,25%,50%,75%,max
review_density,180.0,5.448148148148149,7.282753427281813,0.25,1.0,2.0,5.0,26.0
question_density,180.0,3.4583333333333335,5.013355069240491,0.0,0.0,0.0,4.25,19.0
avg_rating,180.0,3.7437923164110236,0.868765985162487,1.0,3.575,4.0,4.0,5.0
negative_sentiment_ratio,180.0,0.07933551787718454,0.2280642852805381,0.0,0.0,0.0,0.0,1.0
rating_sentiment_gap,180.0,0.2132514237321395,0.15483969871666708,0.0,0.10484601449275342,0.22374846390168962,0.25,0.8
question_review_ratio,180.0,1.3591821514890734,2.779764891056935,0.0,0.0,0.0,1.0833333333333333,16.0
